<?xml version="1.0" encoding="utf-8" ?>
<dwsync>
<file name="bootstrap-paginator.min.js" server="D:/Apache24/htdocs/YB/" local="132034834374258086" remote="132034834370000000" Dst="0" />
<file name="jquery-1.4.2.min.js" server="D:/Apache24/htdocs/YB/" local="132034834374277878" remote="132034834370000000" Dst="0" />
<file name="jquery-1.9.1.min.js" server="D:/Apache24/htdocs/YB/" local="132034834374287876" remote="132034834370000000" Dst="0" />
<file name="jquerysession.js" server="D:/Apache24/htdocs/YB/" local="132038460582483621" remote="132038460580000000" Dst="0" />
<file name="main.js" server="D:/Apache24/htdocs/YB/" local="132047094271735532" remote="132047094270000000" Dst="0" />
<file name="bookPage.js" server="D:/Apache24/htdocs/YB/" local="132038508578842736" remote="132038508570000000" Dst="0" />
<file name="jquery-1.11.3.min.js" server="D:/Apache24/htdocs/YB/" local="132038508578872540" remote="132038508570000000" Dst="0" />
<file name="magnifier.js" server="D:/Apache24/htdocs/YB/" local="132038508578882730" remote="132038508570000000" Dst="0" />
<file name="pagination.js" server="D:/Apache24/htdocs/YB/" local="132038460582533590" remote="132038460580000000" Dst="0" />
<file name="xs.js" server="D:/Apache24/htdocs/YB/" local="132038460582553587" remote="132038460580000000" Dst="0" />
<file name="city.js" server="D:/Apache24/htdocs/YB/" local="132034400354679904" remote="132034400350000000" Dst="0" />
<file name="date.js" server="D:/Apache24/htdocs/YB/" local="132005113504039362" remote="132005113500000000" Dst="0" />
</dwsync>