<?xml version="1.0" encoding="utf-8" ?>
<dwsync>
<file name="main.html" server="D:/Apache24/htdocs/YB/" local="132046524787250067" remote="132046524780000000" Dst="0" />
<file name="ShiWuPage.html" server="D:/Apache24/htdocs/YB/" local="132047736554269917" remote="132047736550000000" Dst="0" />
<file name="AddXinxi.html" server="D:/Apache24/htdocs/YB/" local="132045339324274211" remote="132045339320000000" Dst="0" />
<file name="Search.html" server="D:/Apache24/htdocs/YB/" local="132047753510222827" remote="132047753510000000" Dst="0" />
<file name="ShiWuZhaoLing.html" server="D:/Apache24/htdocs/YB/" local="132040897132370529" remote="132040897130000000" Dst="0" />
<file name="stuffmessage.html" server="D:/Apache24/htdocs/YB/" local="132044752374016488" remote="132044752370000000" Dst="0" />
<file name="mainadd.html" server="D:/Apache24/htdocs/YB/" local="132045400387139400" remote="132045400380000000" Dst="0" />
<file name="mainsearch.html" server="D:/Apache24/htdocs/YB/" local="132047777282411195" remote="132047777280000000" Dst="0" />
</dwsync>