<?xml version="1.0" encoding="utf-8" ?>
<dwsync>
<file name="background2.png" server="D:/Apache24/htdocs/YB/" local="132038460582233636" remote="132038460580000000" Dst="0" />
<file name="bg.jpg" server="D:/Apache24/htdocs/YB/" local="132034834374077946" remote="132034834370000000" Dst="0" />
<file name="body_bg.jpg" server="D:/Apache24/htdocs/YB/" local="132034834374087945" remote="132034834370000000" Dst="0" />
<file name="category_bg.png" server="D:/Apache24/htdocs/YB/" local="132034834374117931" remote="132034834370000000" Dst="0" />
<file name="footer_bg.png" server="D:/Apache24/htdocs/YB/" local="132034834374148103" remote="132034834370000000" Dst="0" />
<file name="header_bg.jpg" server="D:/Apache24/htdocs/YB/" local="132034834374167900" remote="132034834370000000" Dst="0" />
<file name="img-sprite.png" server="D:/Apache24/htdocs/YB/" local="132034834374177898" remote="132034834370000000" Dst="0" />
<file name="logo2.png" server="D:/Apache24/htdocs/YB/" local="132034834374198100" remote="132034834370000000" Dst="0" />
<file name="logo_main.png" server="D:/Apache24/htdocs/YB/" local="132034834374207893" remote="132034834370000000" Dst="0" />
<file name="log_in.png" server="D:/Apache24/htdocs/YB/" local="132034834374188102" remote="132034834370000000" Dst="0" />
<file name="marker.gif" server="D:/Apache24/htdocs/YB/" local="132034834374217887" remote="132034834370000000" Dst="0" />
<file name="register_head_portrait.png" server="D:/Apache24/htdocs/YB/" local="132038460582443599" remote="132038460580000000" Dst="0" />
<file name="un_logged.png" server="D:/Apache24/htdocs/YB/" local="132034834374248092" remote="132034834370000000" Dst="0" />
<file name="move-box.png" server="D:/Apache24/htdocs/YB/" local="132038508578772547" remote="132038508570000000" Dst="0" />
<file name="shopping_car_16.png" server="D:/Apache24/htdocs/YB/" local="132038508578792562" remote="132038508570000000" Dst="0" />
<file name="shopping_car_200.png" server="D:/Apache24/htdocs/YB/" local="132038508578802556" remote="132038508570000000" Dst="0" />
<file name="star_gray.png" server="D:/Apache24/htdocs/YB/" local="132038508578822558" remote="132038508570000000" Dst="0" />
<file name="star_yellow.png" server="D:/Apache24/htdocs/YB/" local="132038508578832733" remote="132038508570000000" Dst="0" />
</dwsync>